id,trigger,conditions,script,text,options,notes
#Mainly for nex roleplaying purposes... make sure you did them properly�,,,,,,
chm_hegemony_nex_NGCPickStartingShips,ExerelinNGCStep3,"$playerFaction == hegemony
!$hegemony_ChangeMind","AddText ""Commissioned Crews Bonus: Ships gains increased armor.""
SetTextHighlights Commissioned Crews Bonus
$hegemony_ChangeMind = true 0",,,
,,,,,,
#The id just has to be unique. DO whatever to name it.,,,,,,
#The trigger: ExerelinNGCStep3 must be the SAME,,,,,,
"#The condition: $playerFaction refers to your faction id.. Be nice ""so long as it's specific to your stuff don't go doing stuff like making it print ""have sex"" on every faction start or something"" The variable below that just has to be unique.",,,,,,
#Script: the variable should be the same in condition column�,,,,,,
#And ur done tada!,,,,,,
